Provincia,Tipo de Parto,Rango de Edad,Cantidad,Año
Distrito Nacional,Vaginal,Menor de 15,131,2020
Monte Plata,Vaginal,Menor de 15,13,2020
Santo Domingo,Vaginal,Menor de 15,80,2020
Peravia,Vaginal,Menor de 15,14,2020
San Cristóbal,Vaginal,Menor de 15,48,2020
San José De Ocoa,Vaginal,Menor de 15,7,2020
Espaillat,Vaginal,Menor de 15,6,2020
Puerto Plata,Vaginal,Menor de 15,19,2020
Santiago,Vaginal,Menor de 15,45,2020
Duarte,Vaginal,Menor de 15,18,2020
Hermanas Mirabal,Vaginal,Menor de 15,0,2020
María Trinidad Sánchez,Vaginal,Menor de 15,6,2020
Samaná,Vaginal,Menor de 15,6,2020
Bahoruco,Vaginal,Menor de 15,6,2020
Barahona,Vaginal,Menor de 15,22,2020
Independencia,Vaginal,Menor de 15,3,2020
Pedernales,Vaginal,Menor de 15,0,2020
El Seibo,Vaginal,Menor de 15,4,2020
Hato Mayor,Vaginal,Menor de 15,10,2020
La Altagracia,Vaginal,Menor de 15,24,2020
La Romana,Vaginal,Menor de 15,24,2020
San Pedro De Macorís,Vaginal,Menor de 15,19,2020
Azua,Vaginal,Menor de 15,13,2020
Elías Piña,Vaginal,Menor de 15,9,2020
San Juan,Vaginal,Menor de 15,21,2020
Dajabón,Vaginal,Menor de 15,1,2020
Monte Cristi,Vaginal,Menor de 15,11,2020
Santiago Rodríguez,Vaginal,Menor de 15,4,2020
Valverde,Vaginal,Menor de 15,16,2020
La Vega,Vaginal,Menor de 15,17,2020
Monseñor Nouel,Vaginal,Menor de 15,4,2020
Sánchez Ramírez,Vaginal,Menor de 15,7,2020
Distrito Nacional,Cesarea,Menor de 15,79,2020
Monte Plata,Cesarea,Menor de 15,11,2020
Santo Domingo,Cesarea,Menor de 15,59,2020
Peravia,Cesarea,Menor de 15,3,2020
San Cristóbal,Cesarea,Menor de 15,28,2020
San José De Ocoa,Cesarea,Menor de 15,6,2020
Espaillat,Cesarea,Menor de 15,9,2020
Puerto Plata,Cesarea,Menor de 15,10,2020
Santiago,Cesarea,Menor de 15,13,2020
Duarte,Cesarea,Menor de 15,21,2020
Hermanas Mirabal,Cesarea,Menor de 15,4,2020
María Trinidad Sánchez,Cesarea,Menor de 15,7,2020
Samaná,Cesarea,Menor de 15,1,2020
Bahoruco,Cesarea,Menor de 15,1,2020
Barahona,Cesarea,Menor de 15,29,2020
Independencia,Cesarea,Menor de 15,2,2020
Pedernales,Cesarea,Menor de 15,3,2020
El Seibo,Cesarea,Menor de 15,3,2020
Hato Mayor,Cesarea,Menor de 15,5,2020
La Altagracia,Cesarea,Menor de 15,9,2020
La Romana,Cesarea,Menor de 15,14,2020
San Pedro De Macorís,Cesarea,Menor de 15,7,2020
Azua,Cesarea,Menor de 15,16,2020
Elías Piña,Cesarea,Menor de 15,1,2020
San Juan,Cesarea,Menor de 15,13,2020
Dajabón,Cesarea,Menor de 15,3,2020
Monte Cristi,Cesarea,Menor de 15,9,2020
Santiago Rodríguez,Cesarea,Menor de 15,3,2020
Valverde,Cesarea,Menor de 15,10,2020
La Vega,Cesarea,Menor de 15,23,2020
Monseñor Nouel,Cesarea,Menor de 15,17,2020
Sánchez Ramírez,Cesarea,Menor de 15,13,2020
Distrito Nacional,Vaginal,15-19,2533,2020
Monte Plata,Vaginal,15-19,328,2020
Santo Domingo,Vaginal,15-19,2186,2020
Peravia,Vaginal,15-19,394,2020
San Cristóbal,Vaginal,15-19,1213,2020
San José De Ocoa,Vaginal,15-19,100,2020
Espaillat,Vaginal,15-19,268,2020
Puerto Plata,Vaginal,15-19,416,2020
Santiago,Vaginal,15-19,1087,2020
Duarte,Vaginal,15-19,268,2020
Hermanas Mirabal,Vaginal,15-19,67,2020
María Trinidad Sánchez,Vaginal,15-19,170,2020
Samaná,Vaginal,15-19,98,2020
Bahoruco,Vaginal,15-19,179,2020
Barahona,Vaginal,15-19,545,2020
Independencia,Vaginal,15-19,93,2020
Pedernales,Vaginal,15-19,80,2020
El Seibo,Vaginal,15-19,110,2020
Hato Mayor,Vaginal,15-19,147,2020
La Altagracia,Vaginal,15-19,595,2020
La Romana,Vaginal,15-19,442,2020
San Pedro De Macorís,Vaginal,15-19,497,2020
Azua,Vaginal,15-19,444,2020
Elías Piña,Vaginal,15-19,241,2020
San Juan,Vaginal,15-19,634,2020
Dajabón,Vaginal,15-19,158,2020
Monte Cristi,Vaginal,15-19,204,2020
Santiago Rodríguez,Vaginal,15-19,89,2020
Valverde,Vaginal,15-19,350,2020
La Vega,Vaginal,15-19,386,2020
Monseñor Nouel,Vaginal,15-19,155,2020
Sánchez Ramírez,Vaginal,15-19,142,2020
Distrito Nacional,Cesarea,15-19,1739,2020
Monte Plata,Cesarea,15-19,239,2020
Santo Domingo,Cesarea,15-19,1614,2020
Peravia,Cesarea,15-19,242,2020
San Cristóbal,Cesarea,15-19,600,2020
San José De Ocoa,Cesarea,15-19,95,2020
Espaillat,Cesarea,15-19,170,2020
Puerto Plata,Cesarea,15-19,223,2020
Santiago,Cesarea,15-19,717,2020
Duarte,Cesarea,15-19,272,2020
Hermanas Mirabal,Cesarea,15-19,94,2020
María Trinidad Sánchez,Cesarea,15-19,173,2020
Samaná,Cesarea,15-19,79,2020
Bahoruco,Cesarea,15-19,104,2020
Barahona,Cesarea,15-19,388,2020
Independencia,Cesarea,15-19,47,2020
Pedernales,Cesarea,15-19,63,2020
El Seibo,Cesarea,15-19,118,2020
Hato Mayor,Cesarea,15-19,49,2020
La Altagracia,Cesarea,15-19,315,2020
La Romana,Cesarea,15-19,296,2020
San Pedro De Macorís,Cesarea,15-19,331,2020
Azua,Cesarea,15-19,253,2020
Elías Piña,Cesarea,15-19,35,2020
San Juan,Cesarea,15-19,250,2020
Dajabón,Cesarea,15-19,39,2020
Monte Cristi,Cesarea,15-19,148,2020
Santiago Rodríguez,Cesarea,15-19,85,2020
Valverde,Cesarea,15-19,209,2020
La Vega,Cesarea,15-19,452,2020
Monseñor Nouel,Cesarea,15-19,164,2020
Sánchez Ramírez,Cesarea,15-19,201,2020
Distrito Nacional,Vaginal,Menor de 15,59,2021
Monte Plata,Vaginal,Menor de 15,11,2021
Santo Domingo,Vaginal,Menor de 15,53,2021
Peravia,Vaginal,Menor de 15,5,2021
San Cristóbal,Vaginal,Menor de 15,24,2021
San José De Ocoa,Vaginal,Menor de 15,10,2021
Espaillat,Vaginal,Menor de 15,6,2021
Puerto Plata,Vaginal,Menor de 15,16,2021
Santiago,Vaginal,Menor de 15,49,2021
Duarte,Vaginal,Menor de 15,16,2021
Hermanas Mirabal,Vaginal,Menor de 15,0,2021
María Trinidad Sánchez,Vaginal,Menor de 15,8,2021
Samaná,Vaginal,Menor de 15,2,2021
Bahoruco,Vaginal,Menor de 15,13,2021
Barahona,Vaginal,Menor de 15,21,2021
Independencia,Vaginal,Menor de 15,2,2021
Pedernales,Vaginal,Menor de 15,1,2021
El Seibo,Vaginal,Menor de 15,1,2021
Hato Mayor,Vaginal,Menor de 15,6,2021
La Altagracia,Vaginal,Menor de 15,13,2021
La Romana,Vaginal,Menor de 15,14,2021
San Pedro De Macorís,Vaginal,Menor de 15,16,2021
Azua,Vaginal,Menor de 15,15,2021
Elías Piña,Vaginal,Menor de 15,5,2021
San Juan,Vaginal,Menor de 15,28,2021
Dajabón,Vaginal,Menor de 15,2,2021
Monte Cristi,Vaginal,Menor de 15,13,2021
Santiago Rodríguez,Vaginal,Menor de 15,4,2021
Valverde,Vaginal,Menor de 15,11,2021
La Vega,Vaginal,Menor de 15,15,2021
Monseñor Nouel,Vaginal,Menor de 15,5,2021
Sánchez Ramírez,Vaginal,Menor de 15,4,2021
Distrito Nacional,Cesarea,Menor de 15,58,2021
Monte Plata,Cesarea,Menor de 15,10,2021
Santo Domingo,Cesarea,Menor de 15,64,2021
Peravia,Cesarea,Menor de 15,8,2021
San Cristóbal,Cesarea,Menor de 15,20,2021
San José De Ocoa,Cesarea,Menor de 15,5,2021
Espaillat,Cesarea,Menor de 15,6,2021
Puerto Plata,Cesarea,Menor de 15,11,2021
Santiago,Cesarea,Menor de 15,45,2021
Duarte,Cesarea,Menor de 15,22,2021
Hermanas Mirabal,Cesarea,Menor de 15,4,2021
María Trinidad Sánchez,Cesarea,Menor de 15,9,2021
Samaná,Cesarea,Menor de 15,3,2021
Bahoruco,Cesarea,Menor de 15,4,2021
Barahona,Cesarea,Menor de 15,17,2021
Independencia,Cesarea,Menor de 15,2,2021
Pedernales,Cesarea,Menor de 15,6,2021
El Seibo,Cesarea,Menor de 15,3,2021
Hato Mayor,Cesarea,Menor de 15,2,2021
La Altagracia,Cesarea,Menor de 15,9,2021
La Romana,Cesarea,Menor de 15,9,2021
San Pedro De Macorís,Cesarea,Menor de 15,9,2021
Azua,Cesarea,Menor de 15,18,2021
Elías Piña,Cesarea,Menor de 15,1,2021
San Juan,Cesarea,Menor de 15,12,2021
Dajabón,Cesarea,Menor de 15,1,2021
Monte Cristi,Cesarea,Menor de 15,9,2021
Santiago Rodríguez,Cesarea,Menor de 15,4,2021
Valverde,Cesarea,Menor de 15,10,2021
La Vega,Cesarea,Menor de 15,24,2021
Monseñor Nouel,Cesarea,Menor de 15,2,2021
Sánchez Ramírez,Cesarea,Menor de 15,6,2021
Distrito Nacional,Vaginal,15-19,1824,2021
Monte Plata,Vaginal,15-19,306,2021
Santo Domingo,Vaginal,15-19,2501,2021
Peravia,Vaginal,15-19,423,2021
San Cristóbal,Vaginal,15-19,949,2021
San José De Ocoa,Vaginal,15-19,97,2021
Espaillat,Vaginal,15-19,224,2021
Puerto Plata,Vaginal,15-19,406,2021
Santiago,Vaginal,15-19,1106,2021
Duarte,Vaginal,15-19,253,2021
Hermanas Mirabal,Vaginal,15-19,69,2021
María Trinidad Sánchez,Vaginal,15-19,132,2021
Samaná,Vaginal,15-19,126,2021
Bahoruco,Vaginal,15-19,175,2021
Barahona,Vaginal,15-19,645,2021
Independencia,Vaginal,15-19,72,2021
Pedernales,Vaginal,15-19,130,2021
El Seibo,Vaginal,15-19,118,2021
Hato Mayor,Vaginal,15-19,152,2021
La Altagracia,Vaginal,15-19,530,2021
La Romana,Vaginal,15-19,415,2021
San Pedro De Macorís,Vaginal,15-19,533,2021
Azua,Vaginal,15-19,444,2021
Elías Piña,Vaginal,15-19,281,2021
San Juan,Vaginal,15-19,662,2021
Dajabón,Vaginal,15-19,147,2021
Monte Cristi,Vaginal,15-19,216,2021
Santiago Rodríguez,Vaginal,15-19,84,2021
Valverde,Vaginal,15-19,290,2021
La Vega,Vaginal,15-19,431,2021
Monseñor Nouel,Vaginal,15-19,174,2021
Sánchez Ramírez,Vaginal,15-19,150,2021
Distrito Nacional,Cesarea,15-19,1568,2021
Monte Plata,Cesarea,15-19,208,2021
Santo Domingo,Cesarea,15-19,1890,2021
Peravia,Cesarea,15-19,222,2021
San Cristóbal,Cesarea,15-19,658,2021
San José De Ocoa,Cesarea,15-19,92,2021
Espaillat,Cesarea,15-19,185,2021
Puerto Plata,Cesarea,15-19,245,2021
Santiago,Cesarea,15-19,765,2021
Duarte,Cesarea,15-19,290,2021
Hermanas Mirabal,Cesarea,15-19,95,2021
María Trinidad Sánchez,Cesarea,15-19,215,2021
Samaná,Cesarea,15-19,97,2021
Bahoruco,Cesarea,15-19,159,2021
Barahona,Cesarea,15-19,391,2021
Independencia,Cesarea,15-19,37,2021
Pedernales,Cesarea,15-19,76,2021
El Seibo,Cesarea,15-19,107,2021
Hato Mayor,Cesarea,15-19,104,2021
La Altagracia,Cesarea,15-19,305,2021
La Romana,Cesarea,15-19,261,2021
San Pedro De Macorís,Cesarea,15-19,286,2021
Azua,Cesarea,15-19,268,2021
Elías Piña,Cesarea,15-19,40,2021
San Juan,Cesarea,15-19,311,2021
Dajabón,Cesarea,15-19,48,2021
Monte Cristi,Cesarea,15-19,166,2021
Santiago Rodríguez,Cesarea,15-19,105,2021
Valverde,Cesarea,15-19,287,2021
La Vega,Cesarea,15-19,387,2021
Monseñor Nouel,Cesarea,15-19,198,2021
Sánchez Ramírez,Cesarea,15-19,202,2021
Azua,Cesarea,15-19,214,2022
Azua,Cesarea,Menor de 15,13,2022
Azua,Vaginal,15-19,396,2022
Azua,Vaginal,Menor de 15,14,2022
Bahoruco,Cesarea,15-19,192,2022
Bahoruco,Cesarea,Menor de 15,8,2022
Bahoruco,Vaginal,15-19,170,2022
Bahoruco,Vaginal,Menor de 15,6,2022
Barahona,Cesarea,15-19,347,2022
Barahona,Cesarea,Menor de 15,24,2022
Barahona,Vaginal,15-19,467,2022
Barahona,Vaginal,Menor de 15,28,2022
Dajabón,Cesarea,15-19,46,2022
Dajabón,Cesarea,Menor de 15,0,2022
Dajabón,Vaginal,15-19,113,2022
Dajabón,Vaginal,Menor de 15,11,2022
Distrito Nacional,Cesarea,15-19,1247,2022
Distrito Nacional,Cesarea,Menor de 15,39,2022
Distrito Nacional,Vaginal,15-19,1210,2022
Distrito Nacional,Vaginal,Menor de 15,35,2022
Duarte,Cesarea,15-19,278,2022
Duarte,Cesarea,Menor de 15,18,2022
Duarte,Vaginal,15-19,209,2022
Duarte,Vaginal,Menor de 15,11,2022
El Seibo,Cesarea,15-19,124,2022
El Seibo,Cesarea,Menor de 15,8,2022
El Seibo,Vaginal,15-19,106,2022
El Seibo,Vaginal,Menor de 15,1,2022
Elías Piña,Cesarea,15-19,65,2022
Elías Piña,Cesarea,Menor de 15,0,2022
Elías Piña,Vaginal,15-19,203,2022
Elías Piña,Vaginal,Menor de 15,6,2022
Espaillat,Cesarea,15-19,179,2022
Espaillat,Cesarea,Menor de 15,4,2022
Espaillat,Vaginal,15-19,180,2022
Espaillat,Vaginal,Menor de 15,2,2022
Hato Mayor,Cesarea,15-19,71,2022
Hato Mayor,Cesarea,Menor de 15,1,2022
Hato Mayor,Vaginal,15-19,111,2022
Hato Mayor,Vaginal,Menor de 15,2,2022
Hermanas Mirabal,Cesarea,15-19,86,2022
Hermanas Mirabal,Cesarea,Menor de 15,5,2022
Hermanas Mirabal,Vaginal,15-19,37,2022
Hermanas Mirabal,Vaginal,Menor de 15,2,2022
Independencia,Cesarea,15-19,21,2022
Independencia,Cesarea,Menor de 15,0,2022
Independencia,Vaginal,15-19,80,2022
Independencia,Vaginal,Menor de 15,1,2022
La Altagracia,Cesarea,15-19,272,2022
La Altagracia,Cesarea,Menor de 15,15,2022
La Altagracia,Vaginal,15-19,541,2022
La Altagracia,Vaginal,Menor de 15,20,2022
La Romana,Cesarea,15-19,194,2022
La Romana,Cesarea,Menor de 15,5,2022
La Romana,Vaginal,15-19,417,2022
La Romana,Vaginal,Menor de 15,18,2022
La Vega,Cesarea,15-19,369,2022
La Vega,Cesarea,Menor de 15,19,2022
La Vega,Vaginal,15-19,386,2022
La Vega,Vaginal,Menor de 15,16,2022
María Trinidad Sánchez,Cesarea,15-19,204,2022
María Trinidad Sánchez,Cesarea,Menor de 15,16,2022
María Trinidad Sánchez,Vaginal,15-19,118,2022
María Trinidad Sánchez,Vaginal,Menor de 15,2,2022
Monseñor Nouel,Cesarea,15-19,189,2022
Monseñor Nouel,Cesarea,Menor de 15,14,2022
Monseñor Nouel,Vaginal,15-19,158,2022
Monseñor Nouel,Vaginal,Menor de 15,5,2022
Monte Cristi,Cesarea,15-19,143,2022
Monte Cristi,Cesarea,Menor de 15,11,2022
Monte Cristi,Vaginal,15-19,180,2022
Monte Cristi,Vaginal,Menor de 15,7,2022
Monte Plata,Cesarea,15-19,201,2022
Monte Plata,Cesarea,Menor de 15,7,2022
Monte Plata,Vaginal,15-19,301,2022
Monte Plata,Vaginal,Menor de 15,12,2022
Pedernales,Cesarea,15-19,80,2022
Pedernales,Cesarea,Menor de 15,3,2022
Pedernales,Vaginal,15-19,130,2022
Pedernales,Vaginal,Menor de 15,4,2022
Peravia,Cesarea,15-19,263,2022
Peravia,Cesarea,Menor de 15,13,2022
Peravia,Vaginal,15-19,358,2022
Peravia,Vaginal,Menor de 15,8,2022
Puerto Plata,Cesarea,15-19,237,2022
Puerto Plata,Cesarea,Menor de 15,13,2022
Puerto Plata,Vaginal,15-19,408,2022
Puerto Plata,Vaginal,Menor de 15,16,2022
Samaná,Cesarea,15-19,80,2022
Samaná,Cesarea,Menor de 15,2,2022
Samaná,Vaginal,15-19,88,2022
Samaná,Vaginal,Menor de 15,0,2022
San Cristóbal,Cesarea,15-19,538,2022
San Cristóbal,Cesarea,Menor de 15,19,2022
San Cristóbal,Vaginal,15-19,887,2022
San Cristóbal,Vaginal,Menor de 15,28,2022
San José De Ocoa,Cesarea,15-19,75,2022
San José De Ocoa,Cesarea,Menor de 15,1,2022
San José De Ocoa,Vaginal,15-19,96,2022
San José De Ocoa,Vaginal,Menor de 15,3,2022
San Juan,Cesarea,15-19,286,2022
San Juan,Cesarea,Menor de 15,13,2022
San Juan,Vaginal,15-19,572,2022
San Juan,Vaginal,Menor de 15,28,2022
San Pedro De Macorís,Cesarea,15-19,242,2022
San Pedro De Macorís,Cesarea,Menor de 15,9,2022
San Pedro De Macorís,Vaginal,15-19,547,2022
San Pedro De Macorís,Vaginal,Menor de 15,23,2022
Sánchez Ramírez,Cesarea,15-19,192,2022
Sánchez Ramírez,Cesarea,Menor de 15,5,2022
Sánchez Ramírez,Vaginal,15-19,143,2022
Sánchez Ramírez,Vaginal,Menor de 15,8,2022
Santiago,Cesarea,15-19,732,2022
Santiago,Cesarea,Menor de 15,32,2022
Santiago,Vaginal,15-19,1015,2022
Santiago,Vaginal,Menor de 15,59,2022
Santiago Rodríguez,Cesarea,15-19,91,2022
Santiago Rodríguez,Cesarea,Menor de 15,4,2022
Santiago Rodríguez,Vaginal,15-19,66,2022
Santiago Rodríguez,Vaginal,Menor de 15,4,2022
Santo Domingo,Cesarea,15-19,1891,2022
Santo Domingo,Cesarea,Menor de 15,46,2022
Santo Domingo,Vaginal,15-19,2916,2022
Santo Domingo,Vaginal,Menor de 15,88,2022
Valverde,Cesarea,15-19,328,2022
Valverde,Cesarea,Menor de 15,17,2022
Valverde,Vaginal,15-19,256,2022
Valverde,Vaginal,Menor de 15,7,2022
Distrito Nacional,Vaginal,Menor de 15,39,2023
Monte Plata,Vaginal,Menor de 15,1,2023
Santo Domingo,Vaginal,Menor de 15,84,2023
Peravia,Vaginal,Menor de 15,12,2023
San Cristóbal,Vaginal,Menor de 15,16,2023
San José De Ocoa,Vaginal,Menor de 15,1,2023
Espaillat,Vaginal,Menor de 15,6,2023
Puerto Plata,Vaginal,Menor de 15,24,2023
Santiago,Vaginal,Menor de 15,37,2023
Duarte,Vaginal,Menor de 15,8,2023
Hermanas Mirabal,Vaginal,Menor de 15,1,2023
María Trinidad Sánchez,Vaginal,Menor de 15,2,2023
Samaná,Vaginal,Menor de 15,2,2023
Bahoruco,Vaginal,Menor de 15,4,2023
Barahona,Vaginal,Menor de 15,20,2023
Independencia,Vaginal,Menor de 15,2,2023
Pedernales,Vaginal,Menor de 15,1,2023
El Seibo,Vaginal,Menor de 15,4,2023
Hato Mayor,Vaginal,Menor de 15,1,2023
La Altagracia,Vaginal,Menor de 15,17,2023
La Romana,Vaginal,Menor de 15,21,2023
San Pedro De Macorís,Vaginal,Menor de 15,18,2023
Azua,Vaginal,Menor de 15,9,2023
Elías Piña,Vaginal,Menor de 15,4,2023
San Juan,Vaginal,Menor de 15,37,2023
Dajabón,Vaginal,Menor de 15,6,2023
Monte Cristi,Vaginal,Menor de 15,8,2023
Santiago Rodríguez,Vaginal,Menor de 15,2,2023
Valverde,Vaginal,Menor de 15,10,2023
La Vega,Vaginal,Menor de 15,14,2023
Monseñor Nouel,Vaginal,Menor de 15,8,2023
Sánchez Ramírez,Vaginal,Menor de 15,1,2023
Distrito Nacional,Cesarea,Menor de 15,61,2023
Monte Plata,Cesarea,Menor de 15,6,2023
Santo Domingo,Cesarea,Menor de 15,75,2023
Peravia,Cesarea,Menor de 15,7,2023
San Cristóbal,Cesarea,Menor de 15,19,2023
San José De Ocoa,Cesarea,Menor de 15,5,2023
Espaillat,Cesarea,Menor de 15,10,2023
Puerto Plata,Cesarea,Menor de 15,11,2023
Santiago,Cesarea,Menor de 15,36,2023
Duarte,Cesarea,Menor de 15,15,2023
Hermanas Mirabal,Cesarea,Menor de 15,2,2023
María Trinidad Sánchez,Cesarea,Menor de 15,5,2023
Samaná,Cesarea,Menor de 15,0,2023
Bahoruco,Cesarea,Menor de 15,13,2023
Barahona,Cesarea,Menor de 15,15,2023
Independencia,Cesarea,Menor de 15,0,2023
Pedernales,Cesarea,Menor de 15,5,2023
El Seibo,Cesarea,Menor de 15,5,2023
Hato Mayor,Cesarea,Menor de 15,6,2023
La Altagracia,Cesarea,Menor de 15,21,2023
La Romana,Cesarea,Menor de 15,14,2023
San Pedro De Macorís,Cesarea,Menor de 15,5,2023
Azua,Cesarea,Menor de 15,17,2023
Elías Piña,Cesarea,Menor de 15,3,2023
San Juan,Cesarea,Menor de 15,10,2023
Dajabón,Cesarea,Menor de 15,2,2023
Monte Cristi,Cesarea,Menor de 15,10,2023
Santiago Rodríguez,Cesarea,Menor de 15,4,2023
Valverde,Cesarea,Menor de 15,12,2023
La Vega,Cesarea,Menor de 15,28,2023
Monseñor Nouel,Cesarea,Menor de 15,9,2023
Sánchez Ramírez,Cesarea,Menor de 15,11,2023
Distrito Nacional,Vaginal,15-19,910,2023
Monte Plata,Vaginal,15-19,216,2023
Santo Domingo,Vaginal,15-19,2700,2023
Peravia,Vaginal,15-19,276,2023
San Cristóbal,Vaginal,15-19,781,2023
San José De Ocoa,Vaginal,15-19,61,2023
Espaillat,Vaginal,15-19,157,2023
Puerto Plata,Vaginal,15-19,409,2023
Santiago,Vaginal,15-19,954,2023
Duarte,Vaginal,15-19,209,2023
Hermanas Mirabal,Vaginal,15-19,29,2023
María Trinidad Sánchez,Vaginal,15-19,110,2023
Samaná,Vaginal,15-19,85,2023
Bahoruco,Vaginal,15-19,127,2023
Barahona,Vaginal,15-19,474,2023
Independencia,Vaginal,15-19,63,2023
Pedernales,Vaginal,15-19,122,2023
El Seibo,Vaginal,15-19,131,2023
Hato Mayor,Vaginal,15-19,113,2023
La Altagracia,Vaginal,15-19,471,2023
La Romana,Vaginal,15-19,467,2023
San Pedro De Macorís,Vaginal,15-19,453,2023
Azua,Vaginal,15-19,293,2023
Elías Piña,Vaginal,15-19,219,2023
San Juan,Vaginal,15-19,504,2023
Dajabón,Vaginal,15-19,125,2023
Monte Cristi,Vaginal,15-19,181,2023
Santiago Rodríguez,Vaginal,15-19,91,2023
Valverde,Vaginal,15-19,193,2023
La Vega,Vaginal,15-19,267,2023
Monseñor Nouel,Vaginal,15-19,136,2023
Sánchez Ramírez,Vaginal,15-19,101,2023
Distrito Nacional,Cesarea,15-19,964,2023
Monte Plata,Cesarea,15-19,181,2023
Santo Domingo,Cesarea,15-19,1972,2023
Peravia,Cesarea,15-19,249,2023
San Cristóbal,Cesarea,15-19,467,2023
San José De Ocoa,Cesarea,15-19,76,2023
Espaillat,Cesarea,15-19,170,2023
Puerto Plata,Cesarea,15-19,201,2023
Santiago,Cesarea,15-19,691,2023
Duarte,Cesarea,15-19,268,2023
Hermanas Mirabal,Cesarea,15-19,74,2023
María Trinidad Sánchez,Cesarea,15-19,203,2023
Samaná,Cesarea,15-19,68,2023
Bahoruco,Cesarea,15-19,174,2023
Barahona,Cesarea,15-19,338,2023
Independencia,Cesarea,15-19,17,2023
Pedernales,Cesarea,15-19,79,2023
El Seibo,Cesarea,15-19,81,2023
Hato Mayor,Cesarea,15-19,100,2023
La Altagracia,Cesarea,15-19,252,2023
La Romana,Cesarea,15-19,205,2023
San Pedro De Macorís,Cesarea,15-19,159,2023
Azua,Cesarea,15-19,260,2023
Elías Piña,Cesarea,15-19,52,2023
San Juan,Cesarea,15-19,254,2023
Dajabón,Cesarea,15-19,35,2023
Monte Cristi,Cesarea,15-19,145,2023
Santiago Rodríguez,Cesarea,15-19,61,2023
Valverde,Cesarea,15-19,258,2023
La Vega,Cesarea,15-19,407,2023
Monseñor Nouel,Cesarea,15-19,188,2023
Sánchez Ramírez,Cesarea,15-19,176,2023
Azua,Cesarea,15-19,240,2024
Azua,Cesarea,Menor de 15,13,2024
Azua,Vaginal,15-19,253,2024
Azua,Vaginal,Menor de 15,6,2024
Bahoruco,Cesarea,15-19,143,2024
Bahoruco,Cesarea,Menor de 15,8,2024
Bahoruco,Vaginal,15-19,150,2024
Bahoruco,Vaginal,Menor de 15,9,2024
Barahona,Cesarea,15-19,292,2024
Barahona,Cesarea,Menor de 15,16,2024
Barahona,Vaginal,15-19,458,2024
Barahona,Vaginal,Menor de 15,19,2024
Dajabón,Cesarea,15-19,45,2024
Dajabón,Cesarea,Menor de 15,3,2024
Dajabón,Vaginal,15-19,103,2024
Dajabón,Vaginal,Menor de 15,3,2024
Distrito Nacional,Cesarea,15-19,863,2024
Distrito Nacional,Cesarea,Menor de 15,49,2024
Distrito Nacional,Vaginal,15-19,770,2024
Distrito Nacional,Vaginal,Menor de 15,29,2024
Duarte,Cesarea,15-19,226,2024
Duarte,Cesarea,Menor de 15,13,2024
Duarte,Vaginal,15-19,167,2024
Duarte,Vaginal,Menor de 15,13,2024
El Seibo,Cesarea,15-19,64,2024
El Seibo,Cesarea,Menor de 15,6,2024
El Seibo,Vaginal,15-19,75,2024
El Seibo,Vaginal,Menor de 15,6,2024
Elías Piña,Cesarea,15-19,38,2024
Elías Piña,Cesarea,Menor de 15,1,2024
Elías Piña,Vaginal,15-19,218,2024
Elías Piña,Vaginal,Menor de 15,7,2024
Espaillat,Cesarea,15-19,141,2024
Espaillat,Cesarea,Menor de 15,2,2024
Espaillat,Vaginal,15-19,167,2024
Espaillat,Vaginal,Menor de 15,6,2024
Hato Mayor,Cesarea,15-19,93,2024
Hato Mayor,Cesarea,Menor de 15,5,2024
Hato Mayor,Vaginal,15-19,72,2024
Hato Mayor,Vaginal,Menor de 15,5,2024
Hermanas Mirabal,Cesarea,15-19,39,2024
Hermanas Mirabal,Cesarea,Menor de 15,3,2024
Hermanas Mirabal,Vaginal,15-19,17,2024
Hermanas Mirabal,Vaginal,Menor de 15,0,2024
Independencia,Cesarea,15-19,18,2024
Independencia,Cesarea,Menor de 15,1,2024
Independencia,Vaginal,15-19,55,2024
Independencia,Vaginal,Menor de 15,1,2024
La Altagracia,Cesarea,15-19,180,2024
La Altagracia,Cesarea,Menor de 15,16,2024
La Altagracia,Vaginal,15-19,410,2024
La Altagracia,Vaginal,Menor de 15,34,2024
La Romana,Cesarea,15-19,141,2024
La Romana,Cesarea,Menor de 15,15,2024
La Romana,Vaginal,15-19,311,2024
La Romana,Vaginal,Menor de 15,11,2024
La Vega,Cesarea,15-19,301,2024
La Vega,Cesarea,Menor de 15,9,2024
La Vega,Vaginal,15-19,267,2024
La Vega,Vaginal,Menor de 15,13,2024
María Trinidad Sánchez,Cesarea,15-19,146,2024
María Trinidad Sánchez,Cesarea,Menor de 15,1,2024
María Trinidad Sánchez,Vaginal,15-19,85,2024
María Trinidad Sánchez,Vaginal,Menor de 15,1,2024
Monseñor Nouel,Cesarea,15-19,154,2024
Monseñor Nouel,Cesarea,Menor de 15,11,2024
Monseñor Nouel,Vaginal,15-19,119,2024
Monseñor Nouel,Vaginal,Menor de 15,5,2024
Monte Cristi,Cesarea,15-19,147,2024
Monte Cristi,Cesarea,Menor de 15,5,2024
Monte Cristi,Vaginal,15-19,143,2024
Monte Cristi,Vaginal,Menor de 15,2,2024
Monte Plata,Cesarea,15-19,140,2024
Monte Plata,Cesarea,Menor de 15,5,2024
Monte Plata,Vaginal,15-19,193,2024
Monte Plata,Vaginal,Menor de 15,5,2024
Pedernales,Cesarea,15-19,75,2024
Pedernales,Cesarea,Menor de 15,10,2024
Pedernales,Vaginal,15-19,126,2024
Pedernales,Vaginal,Menor de 15,9,2024
Peravia,Cesarea,15-19,153,2024
Peravia,Cesarea,Menor de 15,6,2024
Peravia,Vaginal,15-19,197,2024
Peravia,Vaginal,Menor de 15,8,2024
Puerto Plata,Cesarea,15-19,146,2024
Puerto Plata,Cesarea,Menor de 15,6,2024
Puerto Plata,Vaginal,15-19,307,2024
Puerto Plata,Vaginal,Menor de 15,6,2024
Samaná,Cesarea,15-19,89,2024
Samaná,Cesarea,Menor de 15,1,2024
Samaná,Vaginal,15-19,82,2024
Samaná,Vaginal,Menor de 15,1,2024
San Cristóbal,Cesarea,15-19,393,2024
San Cristóbal,Cesarea,Menor de 15,20,2024
San Cristóbal,Vaginal,15-19,592,2024
San Cristóbal,Vaginal,Menor de 15,19,2024
San José De Ocoa,Cesarea,15-19,42,2024
San José De Ocoa,Cesarea,Menor de 15,4,2024
San José De Ocoa,Vaginal,15-19,67,2024
San José De Ocoa,Vaginal,Menor de 15,6,2024
San Juan,Cesarea,15-19,194,2024
San Juan,Cesarea,Menor de 15,14,2024
San Juan,Vaginal,15-19,457,2024
San Juan,Vaginal,Menor de 15,16,2024
San Pedro De Macorís,Cesarea,15-19,161,2024
San Pedro De Macorís,Cesarea,Menor de 15,9,2024
San Pedro De Macorís,Vaginal,15-19,331,2024
San Pedro De Macorís,Vaginal,Menor de 15,8,2024
Sánchez Ramírez,Cesarea,15-19,152,2024
Sánchez Ramírez,Cesarea,Menor de 15,9,2024
Sánchez Ramírez,Vaginal,15-19,104,2024
Sánchez Ramírez,Vaginal,Menor de 15,5,2024
Santiago,Cesarea,15-19,649,2024
Santiago,Cesarea,Menor de 15,41,2024
Santiago,Vaginal,15-19,661,2024
Santiago,Vaginal,Menor de 15,27,2024
Santiago Rodríguez,Cesarea,15-19,67,2024
Santiago Rodríguez,Cesarea,Menor de 15,1,2024
Santiago Rodríguez,Vaginal,15-19,65,2024
Santiago Rodríguez,Vaginal,Menor de 15,1,2024
Santo Domingo,Cesarea,15-19,1717,2024
Santo Domingo,Cesarea,Menor de 15,57,2024
Santo Domingo,Vaginal,15-19,2105,2024
Santo Domingo,Vaginal,Menor de 15,88,2024
Valverde,Cesarea,15-19,216,2024
Valverde,Cesarea,Menor de 15,7,2024
Valverde,Vaginal,15-19,130,2024
Valverde,Vaginal,Menor de 15,4,2024
Azua,Cesarea,15-19,142,2025
Azua,Cesarea,Menor de 15,10,2025
Azua,Vaginal,15-19,134,2025
Azua,Vaginal,Menor de 15,4,2025
Bahoruco,Cesarea,15-19,82,2025
Bahoruco,Cesarea,Menor de 15,5,2025
Bahoruco,Vaginal,15-19,86,2025
Bahoruco,Vaginal,Menor de 15,5,2025
Barahona,Cesarea,15-19,207,2025
Barahona,Cesarea,Menor de 15,13,2025
Barahona,Vaginal,15-19,217,2025
Barahona,Vaginal,Menor de 15,13,2025
Dajabón,Cesarea,15-19,34,2025
Dajabón,Cesarea,Menor de 15,0,2025
Dajabón,Vaginal,15-19,59,2025
Dajabón,Vaginal,Menor de 15,4,2025
Distrito Nacional,Cesarea,15-19,518,2025
Distrito Nacional,Cesarea,Menor de 15,20,2025
Distrito Nacional,Vaginal,15-19,423,2025
Distrito Nacional,Vaginal,Menor de 15,15,2025
Duarte,Cesarea,15-19,165,2025
Duarte,Cesarea,Menor de 15,12,2025
Duarte,Vaginal,15-19,86,2025
Duarte,Vaginal,Menor de 15,8,2025
El Seibo,Cesarea,15-19,41,2025
El Seibo,Cesarea,Menor de 15,4,2025
El Seibo,Vaginal,15-19,54,2025
El Seibo,Vaginal,Menor de 15,5,2025
Elías Piña,Cesarea,15-19,32,2025
Elías Piña,Cesarea,Menor de 15,1,2025
Elías Piña,Vaginal,15-19,100,2025
Elías Piña,Vaginal,Menor de 15,2,2025
Espaillat,Cesarea,15-19,101,2025
Espaillat,Cesarea,Menor de 15,6,2025
Espaillat,Vaginal,15-19,77,2025
Espaillat,Vaginal,Menor de 15,5,2025
Hato Mayor,Cesarea,15-19,64,2025
Hato Mayor,Cesarea,Menor de 15,2,2025
Hato Mayor,Vaginal,15-19,47,2025
Hato Mayor,Vaginal,Menor de 15,1,2025
Hermanas Mirabal,Cesarea,15-19,49,2025
Hermanas Mirabal,Cesarea,Menor de 15,1,2025
Hermanas Mirabal,Vaginal,15-19,10,2025
Hermanas Mirabal,Vaginal,Menor de 15,0,2025
Independencia,Cesarea,15-19,14,2025
Independencia,Cesarea,Menor de 15,1,2025
Independencia,Vaginal,15-19,24,2025
Independencia,Vaginal,Menor de 15,1,2025
La Altagracia,Cesarea,15-19,160,2025
La Altagracia,Cesarea,Menor de 15,9,2025
La Altagracia,Vaginal,15-19,233,2025
La Altagracia,Vaginal,Menor de 15,11,2025
La Romana,Cesarea,15-19,114,2025
La Romana,Cesarea,Menor de 15,2,2025
La Romana,Vaginal,15-19,158,2025
La Romana,Vaginal,Menor de 15,8,2025
La Vega,Cesarea,15-19,217,2025
La Vega,Cesarea,Menor de 15,11,2025
La Vega,Vaginal,15-19,123,2025
La Vega,Vaginal,Menor de 15,3,2025
María Trinidad Sánchez,Cesarea,15-19,121,2025
María Trinidad Sánchez,Cesarea,Menor de 15,1,2025
María Trinidad Sánchez,Vaginal,15-19,45,2025
María Trinidad Sánchez,Vaginal,Menor de 15,1,2025
Monseñor Nouel,Cesarea,15-19,99,2025
Monseñor Nouel,Cesarea,Menor de 15,6,2025
Monseñor Nouel,Vaginal,15-19,75,2025
Monseñor Nouel,Vaginal,Menor de 15,4,2025
Monte Cristi,Cesarea,15-19,79,2025
Monte Cristi,Cesarea,Menor de 15,4,2025
Monte Cristi,Vaginal,15-19,80,2025
Monte Cristi,Vaginal,Menor de 15,1,2025
Monte Plata,Cesarea,15-19,97,2025
Monte Plata,Cesarea,Menor de 15,3,2025
Monte Plata,Vaginal,15-19,92,2025
Monte Plata,Vaginal,Menor de 15,4,2025
Pedernales,Cesarea,15-19,43,2025
Pedernales,Cesarea,Menor de 15,9,2025
Pedernales,Vaginal,15-19,68,2025
Pedernales,Vaginal,Menor de 15,6,2025
Peravia,Cesarea,15-19,123,2025
Peravia,Cesarea,Menor de 15,2,2025
Peravia,Vaginal,15-19,108,2025
Peravia,Vaginal,Menor de 15,7,2025
Puerto Plata,Cesarea,15-19,107,2025
Puerto Plata,Cesarea,Menor de 15,4,2025
Puerto Plata,Vaginal,15-19,164,2025
Puerto Plata,Vaginal,Menor de 15,4,2025
Samaná,Cesarea,15-19,72,2025
Samaná,Cesarea,Menor de 15,2,2025
Samaná,Vaginal,15-19,49,2025
Samaná,Vaginal,Menor de 15,1,2025
San Cristóbal,Cesarea,15-19,288,2025
San Cristóbal,Cesarea,Menor de 15,13,2025
San Cristóbal,Vaginal,15-19,383,2025
San Cristóbal,Vaginal,Menor de 15,10,2025
San José De Ocoa,Cesarea,15-19,48,2025
San José De Ocoa,Cesarea,Menor de 15,4,2025
San José De Ocoa,Vaginal,15-19,50,2025
San José De Ocoa,Vaginal,Menor de 15,1,2025
San Juan,Cesarea,15-19,157,2025
San Juan,Cesarea,Menor de 15,11,2025
San Juan,Vaginal,15-19,254,2025
San Juan,Vaginal,Menor de 15,9,2025
San Pedro De Macorís,Cesarea,15-19,95,2025
San Pedro De Macorís,Cesarea,Menor de 15,6,2025
San Pedro De Macorís,Vaginal,15-19,191,2025
San Pedro De Macorís,Vaginal,Menor de 15,14,2025
Sánchez Ramírez,Cesarea,15-19,99,2025
Sánchez Ramírez,Cesarea,Menor de 15,6,2025
Sánchez Ramírez,Vaginal,15-19,51,2025
Sánchez Ramírez,Vaginal,Menor de 15,1,2025
Santiago,Cesarea,15-19,370,2025
Santiago,Cesarea,Menor de 15,50,2025
Santiago,Vaginal,15-19,416,2025
Santiago,Vaginal,Menor de 15,37,2025
Santiago Rodríguez,Cesarea,15-19,45,2025
Santiago Rodríguez,Cesarea,Menor de 15,3,2025
Santiago Rodríguez,Vaginal,15-19,38,2025
Santiago Rodríguez,Vaginal,Menor de 15,5,2025
Santo Domingo,Cesarea,15-19,1138,2025
Santo Domingo,Cesarea,Menor de 15,48,2025
Santo Domingo,Vaginal,15-19,1248,2025
Santo Domingo,Vaginal,Menor de 15,60,2025
Valverde,Cesarea,15-19,142,2025
Valverde,Cesarea,Menor de 15,11,2025
Valverde,Vaginal,15-19,75,2025
Valverde,Vaginal,Menor de 15,3,2025
